window,ticker,term,count,sentiment_label
January 2021 squeeze,AMC,buy,52571,positive
January 2021 squeeze,AMC,hold,33011,positive
January 2021 squeeze,AMC,moon,17954,positive
January 2021 squeeze,AMC,bought,14765,positive
January 2021 squeeze,AMC,holding,14441,positive
January 2021 squeeze,AMC,short,13499,positive
January 2021 squeeze,AMC,sell,13491,neutral
January 2021 squeeze,AMC,buying,12968,positive
January 2021 squeeze,AMC,people,12163,positive
January 2021 squeeze,AMC,still,11528,positive
January 2021 squeeze,BB,buy,2821,positive
January 2021 squeeze,BB,moon,2228,positive
January 2021 squeeze,BB,hold,1725,positive
January 2021 squeeze,BB,sell,1249,positive
January 2021 squeeze,BB,market,1176,positive
January 2021 squeeze,BB,money,1081,positive
January 2021 squeeze,BB,people,1054,positive
January 2021 squeeze,BB,know,1021,positive
January 2021 squeeze,BB,one,1005,positive
January 2021 squeeze,BB,short,960,positive
January 2021 squeeze,BBBY,short,2071,positive
January 2021 squeeze,BBBY,buy,1245,neutral
January 2021 squeeze,BBBY,squeeze,896,positive
January 2021 squeeze,BBBY,market,845,positive
January 2021 squeeze,BBBY,hold,830,negative
January 2021 squeeze,BBBY,here,766,positive
January 2021 squeeze,BBBY,been,639,positive
January 2021 squeeze,BBBY,other,602,positive
January 2021 squeeze,BBBY,people,566,positive
January 2021 squeeze,BBBY,next,535,positive
January 2021 squeeze,GME,buy,132126,positive
January 2021 squeeze,GME,hold,71399,positive
January 2021 squeeze,GME,short,59637,positive
January 2021 squeeze,GME,sell,51000,positive
January 2021 squeeze,GME,money,47749,positive
January 2021 squeeze,GME,people,47616,positive
January 2021 squeeze,GME,price,41991,positive
January 2021 squeeze,GME,market,40993,positive
January 2021 squeeze,GME,squeeze,38382,positive
January 2021 squeeze,GME,buying,38382,positive
January 2021 squeeze,NOK,buy,18868,positive
January 2021 squeeze,NOK,hold,10184,positive
January 2021 squeeze,NOK,moon,8671,positive
January 2021 squeeze,NOK,bought,4917,positive
January 2021 squeeze,NOK,sell,4562,neutral
January 2021 squeeze,NOK,buying,4462,neutral
January 2021 squeeze,NOK,short,4453,positive
January 2021 squeeze,NOK,holding,4449,positive
January 2021 squeeze,NOK,people,4388,positive
January 2021 squeeze,NOK,still,4256,positive
